"MaSV";"TenSV";"DiaChi";"NamSinh";"XepLoai";"GioiTinh";"GiangVien";"Khoa";"MaGV"
"1";"Phuong Quyen";"HCM";"1997";"A";"Nu";"Mrs.Sam";"CNTT";"A1"
"2";"Lan Anh";"HCM";"1997";"A";"Nu";"Mr.Alex";"KHMT";"A2"
"3";"Hong Vy";"Hai Phong";"1995";"C";"Nu";"Mr.Kris";"KinhTe";"A3"
"4";"Hoang Minh";"Ha Noi";"1996";"B";"Nu";"Mr.Christan";"KeToan";"A4"
"5";"Minh Nam";"Da Nang";"1995";"A";"Nam";"Mrs.Sara";"CN.Dien";"A5"
"6";"Ngoc Tuan";"Nghe An";"1997";"C";"Nam";"Mrs.Ana";"May";"A6"
"7";"Nguyen Khai";"HCM";"1995";"A";"Nam";"Mr.John";"CNTT";"A7"
"8";"Dang Hiep";"Hai Phong";"1999";"A";"Nu";"Mrs.Seul";"KHMT";"A8"
"9";"Hoang Long";"Ha Noi";"1997";"B";"Nam";"Mrs.Jerry";"KinhTe";"A9"
"10";"Minh Anh";"HCM";"1997";"A";"Nu";"Mr.Tom";"KinhTe";"A10"
